172 290,0.4301191765980498,0.8236744759556104,0.39355529935756056
172 172,0.4322860238353196,0.8249075215782984,0.3926214977429788
54 172,0.3705308775731311,0.7213316892725031,0.35080081169937205
333 327,0.1820151679306609,0.5117139334155364,0.32969876548487553
295 333,0.1820151679306609,0.5092478421701603,0.3272326742394994
353 290,0.23401950162513543,0.55980271270037,0.32578321107523456
118 295,0.17876489707475623,0.49815043156596794,0.3193855344912117
192 118,0.1733477789815818,0.4919852034525277,0.3186374244709459
327 328,0.19609967497291442,0.5117139334155364,0.315614258442622
328 199,0.11375947995666305,0.42909987669543775,0.3153403967387747
292 172,0.3217768147345612,0.6300863131935882,0.308309498459027
290 54,0.39869989165763814,0.7065351418002466,0.30783525014260843
290 172,0.29360780065005415,0.5955610357583231,0.30195323510826894
292 220,0.3607800650054171,0.6485819975339088,0.2878019325284917
240 353,0.5893824485373781,0.87422934648582,0.28484689794844187
172 240,0.46153846153846156,0.7435265104808878,0.28198804894242624
220 54,0.3206933911159263,0.5819975339087546,0.2613041427928283
334 322,0.26543878656554715,0.5203452527743526,0.25490646620880547
346 172,0.28819068255687974,0.5413070283600493,0.25311634580316955
175 91,0.5395449620801733,0.7916152897657214,0.25207032768554805
91 290,0.2524377031419285,0.5043156596794082,0.2518779565374797
220 290,0.27627302275189597,0.5265104808877928,0.2502374581358969
353 346,0.6023835319609967,0.8483353884093712,0.24595185644837447
192 197,0.4257854821235103,0.18002466091245375,0.24576082121105655
192 175,0.5547128927410617,0.7940813810110974,0.23936848827003565
290 91,0.14084507042253522,0.36991368680641185,0.22906861638387663
251 290,0.9176598049837487,0.689272503082614,0.22838730190113465
91 240,0.4626218851570964,0.23551171393341552,0.22711017122368088
290 240,0.6078006500541712,0.8347718865598027,0.22697123650563156
41 197,0.36619718309859156,0.1405672009864365,0.22562998211215507
220 220,0.6262188515709642,0.8508014796547472,0.22458262808378293
199 240,0.35861321776814736,0.13686806411837238,0.22174515364977498
292 353,0.26543878656554715,0.4845869297163995,0.21914814315085235
346 353,0.5536294691224268,0.7669543773119606,0.21332490818953376
54 353,0.18634886240520043,0.3995067817509248,0.21315791934572437
384 199,0.23293607800650054,0.02096177558569667,0.21197430242080387
292 251,0.8905742145178764,0.6806411837237978,0.20993303079407866
91 199,0.4257854821235103,0.6313193588162762,0.2055338766927659
197 322,0.3326110509209101,0.528976572133169,0.19636552121225886
290 180,0.04008667388949079,0.23304562268803947,0.1929589487985487
125 199,0.4723726977248104,0.28236744759556104,0.19000525012924935
346 334,0.08017334777898158,0.2688039457459926,0.188630597967011
263 240,0.41386782231852653,0.22564734895191121,0.18822047336661532
327 322,0.20910075839653305,0.3970406905055487,0.18793993210901563
346 290,0.6088840736728061,0.7965474722564735,0.18766339858366743
91 251,0.08234019501625135,0.2675709001233046,0.18523070510705325
240 384,0.27410617551462624,0.093711467324291,0.18039470819033523
346 125,0.4182015167930661,0.23921085080147966,0.17899066599158645
125 125,0.37161430119176597,0.20221948212083848,0.1693948190709275
125 240,0.5373781148429035,0.3723797780517879,0.16499833679111564
240 334,0.2524377031419285,0.4130702836004932,0.1606325804585647
240 175,0.27518959913326113,0.11467324290998766,0.16051635622327348
192 290,0.13759479956663057,0.2971639950678175,0.15956919550118692
146 240,0.5655471289274107,0.4081381011097411,0.15740902781766958
240 192,0.2676056338028169,0.11220715166461159,0.15539848213820528
54 327,0.19609967497291442,0.34895191122071517,0.15285223624780075
41 290,0.13217768147345613,0.2848335388409371,0.15265585736748097
240 180,0.38244853737811485,0.23057953144266338,0.15186900593545147
292 125,0.31852654387865653,0.16769420468557336,0.15083233919308317
199 290,0.37161430119176597,0.2219482120838471,0.14966608910791887
175 175,0.6533044420368364,0.7977805178791615,0.14447607584232514
54 334,0.27193932827735645,0.41430332922318125,0.1423640009458248
146 384,0.16793066088840736,0.025893958076448828,0.14203670281195852
290 220,0.13542795232936078,0.27743526510480887,0.1420073127754481
328 54,0.06500541711809317,0.1997533908754624,0.13474797375736924
197 240,0.2275189599133261,0.093711467324291,0.1338074925890351
54 41,0.7930660888407367,0.6596794081381011,0.1333866807026356
192 180,0.18959913326110509,0.05795314426633785,0.13164598899476723
192 199,0.20260021668472372,0.07274969173859433,0.1298505249461294
240 125,0.49079089924160346,0.36128236744759556,0.1295085317940079
221 199,0.28602383531960995,0.4118372379778052,0.12581340265819524
158 240,0.19718309859154928,0.07151664611590629,0.125666452475643
192 54,0.23293607800650054,0.10727496917385944,0.1256611088326411
346 263,0.3163596966413868,0.19112207151664612,0.12523762512474068
240 172,0.3217768147345612,0.44636251541307026,0.12458570067850905
146 292,0.4626218851570964,0.5856966707768188,0.12307478561972235
199 322,0.39328277356446373,0.2712700369913687,0.12201273657309503
91 192,0.5482123510292525,0.42909987669543775,0.11911247433381472
199 263,0.21018418201516792,0.09124537607891492,0.118938805936253
146 251,0.13217768147345613,0.25030826140567203,0.1181305799322159
192 322,0.4593716143011918,0.5758323057953144,0.11646069149412264
322 334,0.1570964247020585,0.040690505548705305,0.1164059191533532
346 327,0.0032502708559046588,0.11960542540073983,0.11635515454483518
172 292,0.1094257854821235,0.22564734895191121,0.11622156346978771
220 240,0.30227518959913324,0.18618988902589395,0.11608530057323929
146 322,0.28602383531960995,0.40197287299630086,0.1159490376766909
290 346,0.30985915492957744,0.4254007398273736,0.11554158489779615
251 251,0.1668472372697725,0.051787916152897656,0.11505932111687484
172 180,0.17118093174431204,0.05672009864364982,0.11446083310066221
327 197,0.18526543878656554,0.07151664611590629,0.11374879267065925
125 322,0.24268689057421453,0.12946979038224415,0.11321710019197037
41 192,0.16251354279523295,0.04932182490752158,0.11319171788771137
172 334,0.1560130010834236,0.04438964241676942,0.1116233586666542
322 240,0.15276273022751896,0.04192355117139334,0.11083917905612561
172 54,0.323943661971831,0.43403205918618987,0.11008839721435887
54 175,0.16901408450704225,0.059186189889025895,0.10982789461801636
322 140,0.16143011917659805,0.051787916152897656,0.1096422030237004
125 54,0.46912242686890576,0.3600493218249075,0.10907310504399825
146 199,0.8017334777898159,0.6929716399506781,0.10876183783913773
334 240,0.19609967497291442,0.08754623921085081,0.10855343576206361
220 91,0.2221018418201517,0.11467324290998766,0.10742859891016403
91 91,0.5178764897074756,0.41060419235511714,0.10727229735235844
158 158,0.17768147345612134,0.07151664611590629,0.10616482734021505
240 158,0.2123510292524377,0.10727496917385944,0.10507606007857827
323 327,0.15059588299024917,0.04562268803945746,0.10497319495079172
384 263,0.16034669555796316,0.055487053020961775,0.10485964253700139
322 327,0.14734561213434452,0.04315659679408138,0.10418901534026315
197 221,0.17551462621885158,0.07151664611590629,0.1039979801029453
146 54,0.8277356446370531,0.7237977805178791,0.10393786411917394
322 192,0.1495124593716143,0.04562268803945746,0.10388977133215685
140 180,0.15384615384615385,0.05055487053020962,0.10329128331594423
221 240,0.19934994582881907,0.09617755856966707,0.103172387259152
295 199,0.16143011917659805,0.059186189889025895,0.10224392928757216
172 91,0.5568797399783315,0.45499383477188654,0.10188590520644497
290 263,0.15059588299024917,0.25154130702836003,0.10094542403811085
172 120,0.5763813651137595,0.6769420468557337,0.10056068174197419
327 172,0.1419284940411701,0.04192355117139334,0.10000494286977676
346 251,0.26218851570964247,0.16276202219482122,0.09942649351482125
327 332,0.14084507042253522,0.04192355117139334,0.09892151925114187
158 199,0.13109425785482123,0.03329223181257707,0.09780202604224417
146 125,0.24052004333694474,0.14303329223181258,0.09748675110513216
240 202,0.10184182015167931,0.004932182490752158,0.09690963766092715
199 146,0.9306608884073673,0.8347718865598027,0.09588900184756455
323 334,0.14084507042253522,0.04562268803945746,0.09522238238307776
54 295,0.16901408450704225,0.07398273736128237,0.09503134714575988
175 290,0.10834236186348863,0.20221948212083848,0.09387712025734986
384 240,0.17768147345612134,0.08384710234278668,0.09383437111333466
267 192,0.09750812567713976,0.0036991368680641184,0.09380898880907565
327 323,0.13434452871072589,0.040690505548705305,0.09365402316202058
91 172,0.15276273022751896,0.059186189889025895,0.09357654033849307
332 240,0.14409534127843987,0.05055487053020962,0.09354047074823024
180 221,0.17118093174431204,0.07768187422934648,0.09349905751496555
221 41,0.4322860238353196,0.33908754623921084,0.09319847759610878
240 191,0.13326110509209102,0.040690505548705305,0.09257059954338571
221 251,0.695557963163597,0.6041923551171393,0.09136560804645766
175 240,0.20585048754062837,0.11467324290998766,0.09117724463064071
323 322,0.13759479956663057,0.0468557336621455,0.09073906590448506
125 384,0.10400866738894908,0.013563501849568433,0.09044516553938065
221 180,0.11484290357529794,0.02466091245376079,0.09018199112153716
54 91,0.1635969664138678,0.07398273736128237,0.08961422905258544
240 122,0.12892741061755147,0.03945745992601726,0.08946995069153421
172 327,0.13109425785482123,0.04192355117139334,0.08917070668342789
172 384,0.13109425785482123,0.04192355117139334,0.08917070668342789
322 19,0.13109425785482123,0.04192355117139334,0.08917070668342789
221 197,0.1668472372697725,0.07768187422934648,0.08916536304042601
54 125,0.5157096424702059,0.42663378545006164,0.08907585702014426
192 327,0.13217768147345613,0.04315659679408138,0.08902108467937475
197 267,0.13326110509209102,0.04438964241676942,0.0888714626753216
172 332,0.13434452871072589,0.04562268803945746,0.08872184067126843
346 384,0.09967497291440953,0.011097410604192354,0.08857756231021718
334 199,0.22535211267605634,0.13686806411837238,0.08848404855768396
180 91,0.09425785482123511,0.006165228113440197,0.08809262670779491
332 327,0.13001083423618634,0.04192355117139334,0.08808728306479299
332 91,0.13326110509209102,0.04562268803945746,0.08763841705263356
322 217,0.16034669555796316,0.07274969173859433,0.08759700381936883
91 197,0.13542795232936078,0.04808877928483354,0.08733917304452724
346 175,0.09100758396533044,0.0036991368680641184,0.08730844709726633
323 199,0.1267605633802817,0.03945745992601726,0.08730310345426442
294 240,0.12784398699891658,0.040690505548705305,0.08715348145021128
240 290,0.8353196099674973,0.9223181257706535,0.0869985158031562
125 163,0.13109425785482123,0.04438964241676942,0.08670461543805182
163 172,0.13109425785482123,0.04438964241676942,0.08670461543805182
217 217,0.1581798483206934,0.07151664611590629,0.08666320220478711
122 327,0.1256771397616468,0.03945745992601726,0.08621967983562953
350 251,0.1256771397616468,0.03945745992601726,0.08621967983562953
356 350,0.1256771397616468,0.03945745992601726,0.08621967983562953
54 96,0.1256771397616468,0.03945745992601726,0.08621967983562953
96 96,0.1256771397616468,0.03945745992601726,0.08621967983562953
292 180,0.21560130010834236,0.12946979038224415,0.0861315097260982
295 172,0.12892741061755147,0.04315659679408138,0.0857708138234701
78 78,0.09425785482123511,0.008631319358816275,0.08562653546241883
221 172,0.12459371614301191,0.03945745992601726,0.08513625621699465
292 175,0.12459371614301191,0.2096177558569667,0.0850240397139548
116 240,0.1256771397616468,0.040690505548705305,0.08498663421294149
146 323,0.1256771397616468,0.040690505548705305,0.08498663421294149
217 192,0.1256771397616468,0.040690505548705305,0.08498663421294149
240 116,0.1256771397616468,0.040690505548705305,0.08498663421294149
288 294,0.1256771397616468,0.040690505548705305,0.08498663421294149
91 180,0.704225352112676,0.7891491985203453,0.08492384640766926
263 334,0.016251354279523293,0.10110974106041924,0.08485838678089595
19 140,0.1267605633802817,0.04192355117139334,0.08483701220888834
322 328,0.1267605633802817,0.04192355117139334,0.08483701220888834
192 295,0.09209100758396534,0.007398273736128237,0.0846927338478371
267 180,0.12892741061755147,0.04438964241676942,0.08453776820078206
125 172,0.6023835319609967,0.686806411837238,0.08442287987624131
334 334,0.35102925243770317,0.4352651048088779,0.08423585237117476
327 91,0.08775731310942579,0.0036991368680641184,0.08405817624136168
125 192,0.15059588299024917,0.06658446362515413,0.08401141936509504
175 332,0.13326110509209102,0.04932182490752158,0.08393928018456945
172 288,0.12459371614301191,0.040690505548705305,0.08390321059430661
191 240,0.12459371614301191,0.040690505548705305,0.08390321059430661
197 192,0.13542795232936078,0.051787916152897656,0.08364003617646312
240 346,0.3542795232936078,0.2712700369913687,0.08300948630223909
91 41,0.13109425785482123,0.04808877928483354,0.08300547856998769
54 288,0.13326110509209102,0.05055487053020962,0.08270623456188139
192 192,0.5980498374864572,0.6806411837237978,0.08259134623734055
199 199,0.9469122426868906,0.8643649815043156,0.08254726118257494
353 292,0.31852654387865653,0.4007398273736128,0.08221328349495627
251 240,0.4788732394366197,0.3970406905055487,0.081832548931071
172 263,0.1581798483206934,0.07644882860665844,0.08173101971403496
197 125,0.1256771397616468,0.04438964241676942,0.08128749734487738
41 54,0.09100758396533044,0.009864364981504316,0.08114321898382612
263 172,0.14626218851570963,0.06535141800246609,0.08091077051324354
322 180,0.12242686890574214,0.04192355117139334,0.0805033177343488
125 327,0.13217768147345613,0.051787916152897656,0.08038976532055847
384 172,0.09967497291440953,0.01972872996300863,0.0799462429514009
96 191,0.11917659804983749,0.03945745992601726,0.07971913812382023
172 125,0.6034669555796316,0.6831072749691739,0.0796403193895423
180 140,0.12134344528710726,0.04192355117139334,0.07941989411571393
146 172,0.18526543878656554,0.1060419235511714,0.07922351523539414
120 240,0.5785482123510293,0.657213316892725,0.07866510454169573
120 199,0.13109425785482123,0.2096177558569667,0.07852349800214548
175 292,0.08234019501625135,0.004932182490752158,0.0774080125254992
199 327,0.09534127843986999,0.018495684340320593,0.0768455940995494
146 356,0.0780065005417118,0.0012330456226880395,0.07677345491902376
191 322,0.0780065005417118,0.0012330456226880395,0.07677345491902376
54 221,0.48645720476706394,0.41060419235511714,0.07585301241194681
202 240,0.07583965330444203,0,0.07583965330444203
125 197,0.11484290357529794,0.03945745992601726,0.07538544364928068
263 322,0.16143011917659805,0.08631319358816276,0.07511692558843529
251 172,0.08125677139761647,0.006165228113440197,0.07509154328417628
125 91,0.14517876489707476,0.07028360049321825,0.07489516440385652
384 384,0.09209100758396534,0.01726263871763255,0.07482836886633279
327 125,0.10617551462621885,0.032059186189889025,0.07411632843632983
322 91,0.16034669555796316,0.08631319358816276,0.0740335019698004
221 91,0.16251354279523295,0.08877928483353884,0.07373425796169411
240 78,0.08234019501625135,0.008631319358816275,0.07370887565743507
175 199,0.08884073672806067,0.016029593094944512,0.07281114363311617
140 192,0.1180931744312026,0.04562268803945746,0.07247048639174514
180 180,0.7432286023835319,0.815043156596794,0.0718145542132621
41 221,0.7302275189599133,0.6584463625154131,0.07178115644450023
172 322,0.1419284940411701,0.07028360049321825,0.07164489354795187
172 192,0.6056338028169014,0.6769420468557337,0.07130824403883229
327 199,0.1733477789815818,0.2441430332922318,0.07079525431065001
334 323,0.13109425785482123,0.06041923551171394,0.0706750223431073
240 292,0.8136511375947996,0.8840937114673243,0.07044257387252473
199 175,0.07042253521126761,0,0.07042253521126761
322 295,0.1180931744312026,0.04808877928483354,0.07000439514636905
180 192,0.7453954496208017,0.815043156596794,0.06964770697599232
192 240,0.26435536294691225,0.19482120838471023,0.06953415456220202
288 221,0.14409534127843987,0.0752157829839704,0.06887955829446947
292 192,0.2914409534127844,0.3600493218249075,0.06860836841212309
192 91,0.7345612134344529,0.8027127003699137,0.0681514869354608
327 327,0.26327193932827736,0.33045622688039455,0.0671842875521172
217 322,0.12351029252437704,0.05672009864364982,0.06679019388072721
346 220,0.2502708559046587,0.31689272503082616,0.06662186912616747
91 175,0.20693391115926327,0.1405672009864365,0.06636671017282678
220 125,0.6143011917659805,0.6806411837237978,0.06633999195781726
290 175,0.0790899241603467,0.013563501849568433,0.06552642231077827
345 240,0.06608884073672806,0.0012330456226880395,0.06485579511404002
54 290,0.9068255687973997,0.9716399506781751,0.06481438188077537
346 180,0.1657638136511376,0.10110974106041924,0.06465407259071836
322 172,0.10725893824485373,0.04315659679408138,0.06410234145077234
146 91,0.041170097508125676,0.10357583230579531,0.062405734797669636
54 158,0.07258938244853738,0.011097410604192354,0.06149197184434503
251 199,0.5731310942578548,0.5117139334155364,0.06141716084231841
91 221,0.024918743228602384,0.08631319358816276,0.061394450359560385
240 327,0.1722643553629469,0.23304562268803947,0.060781267325092564
328 172,0.0021668472372697724,0.06288532675709001,0.060718479519820234
175 192,0.3282773564463705,0.2675709001233046,0.06070645632306593
172 175,0.16034669555796316,0.0998766954377312,0.06047000012023196
54 180,0.49729144095341277,0.5573366214549939,0.060045180501581086
263 199,0.8970747562296858,0.8372379778051788,0.059836778424506964
346 158,0.12242686890574214,0.06288532675709001,0.059541542148652135
240 345,0.059588299024918745,0.0012330456226880395,0.0583552534022307
192 263,0.06933911159263272,0.011097410604192354,0.058241700988440365
120 327,0.010834236186348862,0.0690505548705302,0.05821631868418134
197 91,0.11484290357529794,0.05672009864364982,0.05812280493164813
54 263,0.8938244853737811,0.8360049321824907,0.057819553191290396
263 54,0.8927410617551462,0.8372379778051788,0.05550308394996739
41 240,0.09859154929577464,0.04315659679408138,0.05543495250169326
290 322,0.05308775731310943,0.10850801479654747,0.05542025748343804
346 78,0.056338028169014086,0.0012330456226880395,0.055104982546326044
353 199,0.3445287107258938,0.3995067817509248,0.054978071025030995
78 240,0.06067172264355363,0.006165228113440197,0.054506494530113435
240 41,0.09750812567713976,0.04315659679408138,0.05435152888305838
220 180,0.09534127843986999,0.04192355117139334,0.05341772726847665
384 54,0.0780065005417118,0.02466091245376079,0.05334558808795102
334 125,0.08884073672806067,0.035758323057953144,0.05308241367010753
333 172,0.05417118093174431,0.0012330456226880395,0.05293813530905627
290 125,0.04983748645720477,0.10234278668310727,0.0525053002259025
192 125,0.09642470205850487,0.04438964241676942,0.05203505964173545
263 263,0.8927410617551462,0.840937114673243,0.05180394708190328
199 180,0.09317443120260022,0.04192355117139334,0.051250880031206876
240 20,0.050920910075839654,0,0.050920910075839654
334 172,0.05417118093174431,0.0036991368680641184,0.050472044063680194
384 125,0.05417118093174431,0.0036991368680641184,0.050472044063680194
327 192,0.08992416034669556,0.03945745992601726,0.0504667004206783
91 322,0.2123510292524377,0.16276202219482122,0.049589007057616485
20 199,0.04875406283856988,0,0.04875406283856988
54 20,0.04875406283856988,0,0.04875406283856988
327 240,0.06500541711809317,0.11344019728729964,0.048434780169206465
292 20,0.047670639219934995,0,0.047670639219934995
346 20,0.047670639219934995,0,0.047670639219934995
240 263,0.46803900325027087,0.4217016029593095,0.046337400290961395
54 322,0.34994582881906827,0.3958076448828607,0.045861816063792415
220 199,0.18743228602383533,0.23304562268803947,0.04561333666420414
327 54,0.19934994582881907,0.15413070283600494,0.04521924299281413
120 263,0.0790899241603467,0.0345252774352651,0.0445646467250816
202 290,0.044420368364030335,0,0.044420368364030335
221 221,0.22426868905742145,0.18002466091245375,0.044244028144967695
172 191,0.0866738894907909,0.04315659679408138,0.043517292696709516
191 75,0.0866738894907909,0.04315659679408138,0.043517292696709516
75 172,0.0866738894907909,0.04315659679408138,0.043517292696709516
192 41,0.01950162513542795,0.06288532675709001,0.04338370162166205
290 20,0.04333694474539545,0,0.04333694474539545
290 290,0.9382448537378115,0.9815043156596794,0.043259461921867914
172 251,0.007583965330444204,0.05055487053020962,0.042970905199765416
146 327,0.09100758396533044,0.04808877928483354,0.04291880468049691
334 263,0.07583965330444203,0.03329223181257707,0.04254742149186497
125 334,0.08559046587215602,0.04315659679408138,0.042433869078074636
290 199,0.8429035752979415,0.8853267570900123,0.04242318179207083
41 296,0.01950162513542795,0.06165228113440197,0.042150655998974024
334 327,0.19284940411700974,0.2342786683107275,0.04142926419371776
146 20,0.041170097508125676,0,0.041170097508125676
217 125,0.041170097508125676,0,0.041170097508125676
78 199,0.04333694474539545,0.002466091245376079,0.04087085350001937
346 192,0.04658721560130011,0.006165228113440197,0.04042198748785991
292 78,0.04008667388949079,0,0.04008667388949079
199 54,0.8353196099674973,0.7953144266337855,0.040005183333711836
175 54,0.09425785482123511,0.05425400739827373,0.040003847422961376
140 217,0.041170097508125676,0.0012330456226880395,0.039937051885437634
140 91,0.041170097508125676,0.0012330456226880395,0.039937051885437634
263 327,0.0010834236186348862,0.040690505548705305,0.03960708193007042
120 322,0.10617551462621885,0.06658446362515413,0.03959105100106472
146 334,0.13434452871072589,0.17385943279901356,0.03951490408828767
292 91,0,0.03945745992601726,0.03945745992601726
202 202,0.0390032502708559,0,0.0390032502708559
296 290,0.011917659804983749,0.05055487053020962,0.03863721072522587
140 322,0.04333694474539545,0.004932182490752158,0.03840476225464329
125 263,0.18634886240520043,0.14796547472256474,0.03838338768263569
353 54,0.12459371614301191,0.08631319358816276,0.03828052255484915
202 78,0.0390032502708559,0.0012330456226880395,0.03777020464816786
172 353,0.013001083423618635,0.05055487053020962,0.037553787106590984
146 192,0.041170097508125676,0.0036991368680641184,0.03747096064006156
91 220,0.10400866738894908,0.06658446362515413,0.03742420376379495
290 192,0.02925243770314193,0.06658446362515413,0.03733202592201221
78 334,0.04333694474539545,0.006165228113440197,0.03717171663195525
54 296,0.07150595882990249,0.0345252774352651,0.03698068139463739
322 199,0.17984832069339113,0.14303329223181258,0.03681502846157855
263 158,0.04008667388949079,0.0036991368680641184,0.03638753702142667
329 322,0.1560130010834236,0.19235511713933415,0.036342116055910534
41 251,0.059588299024918745,0.02342786683107275,0.036160432193845994
323 333,0.0866738894907909,0.05055487053020962,0.03611901896058128
54 78,0.04225352112676056,0.006165228113440197,0.036088293013320366
91 327,0.13326110509209102,0.09741060419235512,0.035850500899735904
181 221,0.044420368364030335,0.08014796547472257,0.03572759711069223
120 54,0.18526543878656554,0.22071516646115907,0.035449727674593534
240 118,0.023835319609967497,0.059186189889025895,0.035350870279058394
120 192,0.04983748645720477,0.014796547472256474,0.0350409389849483
91 125,0.5677139761646804,0.5326757090012331,0.03503826716344738
346 240,0.8851570964247021,0.9198520345252774,0.034694938100575334
202 158,0.03466955579631636,0,0.03466955579631636
251 20,0.03466955579631636,0,0.03466955579631636
322 191,0.035752979414951244,0.0012330456226880395,0.0345199337922632
220 172,0.7583965330444203,0.7928483353884094,0.034451802343989035
181 181,0.059588299024918745,0.093711467324291,0.03412316829937226
120 180,0.011917659804983749,0.04562268803945746,0.03370502823447371
54 240,0.9404117009750813,0.9741060419235512,0.0336943409484699
334 329,0.15926327193932827,0.19235511713933415,0.03309184520000588
327 263,0.005417118093174431,0.03822441430332922,0.03280729621015479
295 240,0.04983748645720477,0.01726263871763255,0.03257484773957221
199 197,0.7778981581798483,0.8101109741060419,0.03221281592619363
346 322,0.18959913326110509,0.15782983970406905,0.03176929355703603
199 125,0.056338028169014086,0.02466091245376079,0.03167711571525329
224 78,0.0314192849404117,0,0.0314192849404117
199 220,0.06933911159263272,0.03822441430332922,0.031114697289303495
240 251,0.38244853737811485,0.35141800246609123,0.031030534912023622
346 91,0,0.030826140567200986,0.030826140567200986
158 263,0.03683640303358613,0.006165228113440197,0.030671174920145934
334 91,0.030335861321776816,0,0.030335861321776816
125 292,0.11159263271939328,0.08138101109741061,0.030211621621982668
54 192,0.7551462621885157,0.7250308261405672,0.03011543604794842
221 181,0.04658721560130011,0.07644882860665844,0.029861613005358334
20 120,0.02925243770314193,0,0.02925243770314193
78 292,0.02925243770314193,0,0.02925243770314193
78 290,0.030335861321776816,0.0012330456226880395,0.029102815699088777
192 172,0.06717226435536294,0.03822441430332922,0.028947850052033722
158 54,0.059588299024918745,0.030826140567200986,0.02876215845771776
263 125,0.0790899241603467,0.05055487053020962,0.02853505363013708
353 240,0.06175514626218852,0.03329223181257707,0.02846291444961145
91 292,0.14409534127843987,0.1159062885326757,0.028189052745764165
158 202,0.028169014084507043,0,0.028169014084507043
202 199,0.028169014084507043,0,0.028169014084507043
292 202,0.028169014084507043,0,0.028169014084507043
202 292,0.02925243770314193,0.0012330456226880395,0.02801939208045389
78 125,0.02925243770314193,0.0012330456226880395,0.02801939208045389
224 240,0.0314192849404117,0.0036991368680641184,0.02772014807234758
146 346,0.07692307692307693,0.04932182490752158,0.02760125201555535
197 327,0.06825568797399784,0.040690505548705305,0.02756518242529253
240 220,0.20260021668472372,0.17509247842170161,0.027507738263022108
263 384,0.03358613217768147,0.006165228113440197,0.027420904064241275
118 125,0.009750812567713976,0.036991368680641186,0.02724055611292721
220 346,0.18743228602383533,0.16029593094944514,0.02713635507439019
78 192,0.027085590465872156,0,0.027085590465872156
78 20,0.027085590465872156,0,0.027085590465872156
328 263,0.007583965330444204,0.0345252774352651,0.026941312104820897
322 197,0.6771397616468039,0.7040690505548706,0.026929288908066673
220 353,0.023835319609967497,0.05055487053020962,0.026719550920242124
172 20,0.030335861321776816,0.0036991368680641184,0.026636724453712696
146 37,0.04983748645720477,0.02342786683107275,0.026409619626132017
263 180,0.02925243770314193,0.055487053020961775,0.026234615317819846
251 263,0.0021668472372697724,0.02836004932182491,0.026193202084555136
172 346,0.03358613217768147,0.007398273736128237,0.026187858441553233
327 334,0.18634886240520043,0.16029593094944514,0.026052931455755296
175 15,0.02600216684723727,0,0.02600216684723727
220 78,0.02600216684723727,0,0.02600216684723727
292 240,0.9469122426868906,0.9210850801479655,0.02582716253892503
54 224,0.028169014084507043,0.002466091245376079,0.025702922839130962
146 220,0.0552546045503792,0.029593094944512947,0.025661509605866252
125 295,0.015167930660888408,0.040690505548705305,0.025522574887816896
290 41,0.047670639219934995,0.02219482120838471,0.025475818011550286
328 327,0.13109425785482123,0.1060419235511714,0.025052334303649837
78 220,0.024918743228602384,0,0.024918743228602384
334 180,0.04333694474539545,0.018495684340320593,0.024841260405074856
192 221,0.07150595882990249,0.0468557336621455,0.024650225167756987
158 322,0.0390032502708559,0.014796547472256474,0.02420670279859943
240 197,0.0314192849404117,0.007398273736128237,0.02402101120428346
290 353,0.27302275189599134,0.24907521578298397,0.023947536113007373
322 322,0.17551462621885158,0.15166461159062886,0.023850014628222727
175 125,0.059588299024918745,0.035758323057953144,0.0238299759669656
295 327,0.0010834236186348862,0.02466091245376079,0.023577488835125903
146 290,0.19284940411700974,0.2157829839704069,0.022933579853397168
20 290,0.02275189599133261,0,0.02275189599133261
202 20,0.02275189599133261,0,0.02275189599133261
202 54,0.02275189599133261,0,0.02275189599133261
240 179,0.02275189599133261,0,0.02275189599133261
148 328,0.041170097508125676,0.018495684340320593,0.022674413167805083
148 322,0.04225352112676056,0.01972872996300863,0.02252479116375193
322 148,0.04225352112676056,0.01972872996300863,0.02252479116375193
240 322,0.37703141928494044,0.3995067817509248,0.02247536246598436
125 78,0.024918743228602384,0.002466091245376079,0.022452651983226303
91 346,0.024918743228602384,0.002466091245376079,0.022452651983226303
328 221,0.05308775731310943,0.030826140567200986,0.02226161674590844
120 172,0.035752979414951244,0.013563501849568433,0.02218947756538281
125 175,0.04550379198266522,0.02342786683107275,0.02207592515159247
197 201,0.04550379198266522,0.02342786683107275,0.02207592515159247
146 174,0.016251354279523293,0.03822441430332922,0.02197306002380593
221 327,0.056338028169014086,0.0345252774352651,0.021812750733748984
78 54,0.030335861321776816,0.008631319358816275,0.02170454196296054
15 175,0.021668472372697724,0,0.021668472372697724
175 179,0.021668472372697724,0,0.021668472372697724
179 119,0.021668472372697724,0,0.021668472372697724
179 175,0.021668472372697724,0,0.021668472372697724
181 197,0.04008667388949079,0.018495684340320593,0.021590989549170197
125 220,0.041170097508125676,0.01972872996300863,0.021441367545117045
148 181,0.041170097508125676,0.01972872996300863,0.021441367545117045
181 148,0.041170097508125676,0.01972872996300863,0.021441367545117045
54 292,0.8602383531960996,0.8816276202219482,0.021389267025848535
224 125,0.00866738894907909,0.029593094944512947,0.020925705995433856
333 322,0.00866738894907909,0.029593094944512947,0.020925705995433856
174 199,0.016251354279523293,0.036991368680641186,0.020740014401117893
146 183,0.020585048754062838,0,0.020585048754062838
221 20,0.020585048754062838,0,0.020585048754062838
41 199,0.0314192849404117,0.011097410604192354,0.020321874336219344
146 180,0.352112676056338,0.3723797780517879,0.0202671019954499
292 290,0.9588299024918743,0.9790382244143033,0.02020832192242905
125 186,0.0010834236186348862,0.02096177558569667,0.019878351967061784
186 192,0.0010834236186348862,0.02096177558569667,0.019878351967061784
54 140,0,0.01972872996300863,0.01972872996300863
220 263,0.01733477789815818,0.036991368680641186,0.019656590782483007
322 263,0.03683640303358613,0.01726263871763255,0.01957376431595358
119 240,0.01950162513542795,0,0.01950162513542795
146 175,0.01950162513542795,0,0.01950162513542795
240 119,0.01950162513542795,0,0.01950162513542795
78 345,0.01950162513542795,0,0.01950162513542795
158 125,0.020585048754062838,0.0012330456226880395,0.0193520031313748
346 197,0.020585048754062838,0.0012330456226880395,0.0193520031313748
251 54,0.6847237269772481,0.7040690505548706,0.01934532357762242
125 251,0.0390032502708559,0.01972872996300863,0.019274520307847272
181 180,0.0390032502708559,0.01972872996300863,0.019274520307847272
240 199,0.9696641386782232,0.9889025893958077,0.019238450717584454
172 224,0.0021668472372697724,0.02096177558569667,0.018794928348426897
15 346,0.018418201516793065,0,0.018418201516793065
346 191,0.018418201516793065,0,0.018418201516793065
175 172,0.010834236186348862,0.02836004932182491,0.017525813135476048
194 221,0.05200433369447454,0.0345252774352651,0.01747905625920944
201 197,0.05200433369447454,0.0345252774352651,0.01747905625920944
221 194,0.05200433369447454,0.0345252774352651,0.01747905625920944
180 148,0.03466955579631636,0.01726263871763255,0.017406917078683807
183 125,0.01733477789815818,0,0.01733477789815818
140 175,0,0.01726263871763255,0.01726263871763255
295 334,0.035752979414951244,0.018495684340320593,0.01725729507463065
292 334,0.01733477789815818,0.0345252774352651,0.017190499537106923
201 221,0.05417118093174431,0.036991368680641186,0.017179812251103127
125 290,0.18851570964247022,0.17139334155363747,0.017122368088832746
384 322,0.01950162513542795,0.002466091245376079,0.01703553389005187
197 54,0.8678223185265439,0.8508014796547472,0.01702083887179673
292 224,0.020585048754062838,0.0036991368680641184,0.01688591188599872
292 263,0.41386782231852653,0.3970406905055487,0.016827131812977847
91 54,0.638136511375948,0.6214549938347719,0.016681517541176083
91 295,0.004333694474539545,0.02096177558569667,0.016628081111157125
346 346,0.9956663055254604,0.9790382244143033,0.0166280811111571
346 54,0.9783315276273022,0.9617755856966708,0.01655594193063148
197 140,0.024918743228602384,0.008631319358816275,0.016287423869786107
119 346,0.016251354279523293,0,0.016251354279523293
140 327,0.016251354279523293,0,0.016251354279523293
20 20,0.016251354279523293,0,0.016251354279523293
217 54,0.016251354279523293,0,0.016251354279523293
290 292,0.9631635969664138,0.9790382244143033,0.015874627447889478
181 192,0.04983748645720477,0.0345252774352651,0.015312209021939666
197 181,0.04983748645720477,0.0345252774352651,0.015312209021939666
333 221,0.04983748645720477,0.0345252774352651,0.015312209021939666
197 295,0.041170097508125676,0.025893958076448828,0.015276139431676848
251 292,0.023835319609967497,0.008631319358816275,0.015204000251151222
220 20,0.015167930660888408,0,0.015167930660888408
240 183,0.015167930660888408,0,0.015167930660888408
54 266,0.015167930660888408,0,0.015167930660888408
78 158,0.015167930660888408,0,0.015167930660888408
140 54,0.0021668472372697724,0.01726263871763255,0.015095791480362778
158 78,0.016251354279523293,0.0012330456226880395,0.015018308656835254
323 54,0.016251354279523293,0.0012330456226880395,0.015018308656835254
323 323,0.018418201516793065,0.0036991368680641184,0.014719064648728946
240 54,0.8678223185265439,0.8532675709001233,0.014554747626420617
125 118,0.004333694474539545,0.018495684340320593,0.014161989865781047
125 353,0.004333694474539545,0.018495684340320593,0.014161989865781047
240 288,0.013001083423618635,0.027127003699136867,0.014125920275518232
221 333,0.04983748645720477,0.035758323057953144,0.014079163399251624
292 327,0.0032502708559046588,0.01726263871763255,0.014012367861727892
125 346,0.024918743228602384,0.011097410604192354,0.01382133262441003
175 263,0.01733477789815818,0.0036991368680641184,0.01363564103009406
201 181,0.01733477789815818,0.0036991368680641184,0.01363564103009406
295 263,0,0.013563501849568433,0.013563501849568433
220 192,0.02925243770314193,0.016029593094944512,0.013222844608197417
328 240,0.047670639219934995,0.0345252774352651,0.013145361784669893
384 334,0.013001083423618635,0,0.013001083423618635
175 180,0.04008667388949079,0.027127003699136867,0.012959670190353923
266 221,0.014084507042253521,0.0012330456226880395,0.012851461419565481
221 322,0.0390032502708559,0.051787916152897656,0.012784665882041753
240 221,0.02925243770314193,0.04192355117139334,0.012671113468251411
199 292,0.03358613217768147,0.02096177558569667,0.012624356591984801
240 91,0.09859154929577464,0.11097410604192355,0.01238255674614891
12 183,0.011917659804983749,0,0.011917659804983749
12 327,0.011917659804983749,0,0.011917659804983749
125 158,0.011917659804983749,0,0.011917659804983749
183 12,0.011917659804983749,0,0.011917659804983749
238 240,0.011917659804983749,0,0.011917659804983749
263 20,0.011917659804983749,0,0.011917659804983749
322 12,0.011917659804983749,0,0.011917659804983749
327 12,0.011917659804983749,0,0.011917659804983749
327 295,0.011917659804983749,0,0.011917659804983749
332 12,0.011917659804983749,0,0.011917659804983749
78 202,0.011917659804983749,0,0.011917659804983749
92 327,0.011917659804983749,0,0.011917659804983749
173 54,0.005417118093174431,0.01726263871763255,0.011845520624458119
333 334,0.032502708559046585,0.02096177558569667,0.011540932973349915
180 322,0.011917659804983749,0.02342786683107275,0.011510207026089002
191 54,0.023835319609967497,0.012330456226880395,0.011504863383087103
180 295,0.0021668472372697724,0.013563501849568433,0.01139665461229866
158 334,0.009750812567713976,0.02096177558569667,0.011210963017982694
12 240,0.010834236186348862,0,0.010834236186348862
183 240,0.010834236186348862,0,0.010834236186348862
197 158,0.010834236186348862,0,0.010834236186348862
20 91,0.010834236186348862,0,0.010834236186348862
251 78,0.010834236186348862,0,0.010834236186348862
266 54,0.010834236186348862,0,0.010834236186348862
328 183,0.010834236186348862,0,0.010834236186348862
78 180,0.010834236186348862,0,0.010834236186348862
91 78,0.010834236186348862,0,0.010834236186348862
221 54,0.07583965330444203,0.08631319358816276,0.010473540283720731
221 192,0.02275189599133261,0.012330456226880395,0.010421439764452216
173 240,0.014084507042253521,0.0036991368680641184,0.010385370174189404
192 334,0.014084507042253521,0.0036991368680641184,0.010385370174189404
41 295,0.014084507042253521,0.0036991368680641184,0.010385370174189404
41 41,0.014084507042253521,0.0036991368680641184,0.010385370174189404
120 334,0.011917659804983749,0.02219482120838471,0.01027716140340096
120 292,0.0021668472372697724,0.012330456226880395,0.010163608989610622
125 20,0.010834236186348862,0.02096177558569667,0.010127539399347808
251 125,0.016251354279523293,0.006165228113440197,0.010086126166083096
334 290,0.0010834236186348862,0.011097410604192354,0.010013986985557468
183 78,0.009750812567713976,0,0.009750812567713976
192 20,0.009750812567713976,0,0.009750812567713976
323 92,0.009750812567713976,0,0.009750812567713976
353 20,0.009750812567713976,0,0.009750812567713976
54 202,0.009750812567713976,0,0.009750812567713976
175 220,0.06392199349945829,0.05425400739827373,0.009667986101184557
172 220,0.05200433369447454,0.06165228113440197,0.009647947439927432
158 180,0.011917659804983749,0.002466091245376079,0.00945156855960767
217 240,0.011917659804983749,0.002466091245376079,0.00945156855960767
251 192,0.013001083423618635,0.0036991368680641184,0.009301946555554517
356 357,0.013001083423618635,0.0036991368680641184,0.009301946555554517
357 251,0.013001083423618635,0.0036991368680641184,0.009301946555554517
54 356,0.013001083423618635,0.0036991368680641184,0.009301946555554517
78 224,0.013001083423618635,0.0036991368680641184,0.009301946555554517
91 263,0.28169014084507044,0.2725030826140567,0.009187058231013734
263 78,0.0032502708559046588,0.012330456226880395,0.009080185370975736
220 322,0.015167930660888408,0.006165228113440197,0.00900270254744821
263 353,0.0010834236186348862,0.009864364981504316,0.00878094136286943
155 157,0.00866738894907909,0,0.00866738894907909
157 160,0.00866738894907909,0,0.00866738894907909
159 155,0.00866738894907909,0,0.00866738894907909
159 240,0.00866738894907909,0,0.00866738894907909
160 159,0.00866738894907909,0,0.00866738894907909
175 78,0.00866738894907909,0,0.00866738894907909
199 20,0.00866738894907909,0,0.00866738894907909
20 240,0.00866738894907909,0,0.00866738894907909
221 78,0.00866738894907909,0,0.00866738894907909
224 238,0.00866738894907909,0,0.00866738894907909
238 224,0.00866738894907909,0,0.00866738894907909
240 332,0.00866738894907909,0,0.00866738894907909
140 295,0,0.008631319358816275,0.008631319358816275
346 41,0.00866738894907909,0.01726263871763255,0.008595249768553461
173 199,0.009750812567713976,0.0012330456226880395,0.008517766945025936
327 183,0.009750812567713976,0.0012330456226880395,0.008517766945025936
91 158,0.009750812567713976,0.0012330456226880395,0.008517766945025936
54 251,0.10834236186348863,0.0998766954377312,0.008465666425757426
240 356,0.04658721560130011,0.03822441430332922,0.008362801297970887
292 54,0.9945828819068255,0.9864364981504316,0.008146383756393982
346 292,0.9945828819068255,0.9864364981504316,0.008146383756393982
263 346,0.004333694474539545,0.012330456226880395,0.007996761752340851
263 290,0.047670639219934995,0.055487053020961775,0.00781641380102678
292 322,0.07367280606717226,0.08138101109741061,0.007708205030238349
120 20,0.007583965330444204,0,0.007583965330444204
120 41,0.007583965330444204,0,0.007583965330444204
140 183,0.007583965330444204,0,0.007583965330444204
15 240,0.007583965330444204,0,0.007583965330444204
172 78,0.007583965330444204,0,0.007583965330444204
20 221,0.007583965330444204,0,0.007583965330444204
240 12,0.007583965330444204,0,0.007583965330444204
359 190,0.007583965330444204,0,0.007583965330444204
359 359,0.007583965330444204,0,0.007583965330444204
91 202,0.007583965330444204,0,0.007583965330444204
54 54,0.9631635969664138,0.9556103575832305,0.007553239383183308
180 199,0.0010834236186348862,0.008631319358816275,0.007547895740181389
322 54,0.00866738894907909,0.0012330456226880395,0.00743434332639105
175 334,0.009750812567713976,0.002466091245376079,0.007284721322337897
54 199,0.9902491874322861,0.9975339087546239,0.007284721322337817
140 240,0.016251354279523293,0.02342786683107275,0.007176512551549458
292 199,0.962080173347779,0.969173859432799,0.0070936860850200345
201 322,0.020585048754062838,0.013563501849568433,0.007021546904494405
146 221,0.011917659804983749,0.004932182490752158,0.006985477314231591
240 266,0.021668472372697724,0.014796547472256474,0.006871924900441251
120 125,0.013001083423618635,0.006165228113440197,0.006835855310178438
292 158,0.013001083423618635,0.006165228113440197,0.006835855310178438
327 220,0.013001083423618635,0.006165228113440197,0.006835855310178438
54 197,0.8169014084507042,0.8236744759556104,0.006773067504906138
197 199,0.023835319609967497,0.01726263871763255,0.006572680892334946
146 263,0.19393282773564463,0.187422934648582,0.006509893087062624
240 240,0.9934994582881906,1.0,0.00650054171180936
122 199,0.0065005417118093175,0,0.0065005417118093175
140 221,0.0065005417118093175,0,0.0065005417118093175
190 240,0.0065005417118093175,0,0.0065005417118093175
20 54,0.0065005417118093175,0,0.0065005417118093175
217 328,0.0065005417118093175,0,0.0065005417118093175
238 192,0.0065005417118093175,0,0.0065005417118093175
327 92,0.0065005417118093175,0,0.0065005417118093175
332 322,0.0065005417118093175,0,0.0065005417118093175
91 20,0.0065005417118093175,0,0.0065005417118093175
96 97,0.0065005417118093175,0,0.0065005417118093175
97 191,0.0065005417118093175,0,0.0065005417118093175
41 91,0.0021668472372697724,0.008631319358816275,0.006464472121546503
197 220,0.007583965330444204,0.0012330456226880395,0.0063509197077561644
118 78,0,0.006165228113440197,0.006165228113440197
78 118,0,0.006165228113440197,0.006165228113440197
78 295,0,0.006165228113440197,0.006165228113440197
175 295,0.01733477789815818,0.02342786683107275,0.006093088932914572
192 220,0.7670639219934995,0.7731196054254007,0.006055683431901215
120 175,0.009750812567713976,0.0036991368680641184,0.006051675699649857
192 292,0.009750812567713976,0.0036991368680641184,0.006051675699649857
224 290,0.009750812567713976,0.0036991368680641184,0.006051675699649857
292 292,0.9934994582881906,0.9876695437731196,0.0058299145150710885
353 353,0.011917659804983749,0.006165228113440197,0.005752431691543551
346 199,0.9783315276273022,0.9839704069050554,0.005638879277753195
146 78,0.013001083423618635,0.007398273736128237,0.005602809687490398
217 199,0.013001083423618635,0.018495684340320593,0.005494600916701958
263 292,0.013001083423618635,0.018495684340320593,0.005494600916701958
162 240,0.005417118093174431,0,0.005417118093174431
197 263,0.005417118093174431,0,0.005417118093174431
220 158,0.005417118093174431,0,0.005417118093174431
240 155,0.005417118093174431,0,0.005417118093174431
295 175,0.005417118093174431,0,0.005417118093174431
295 328,0.005417118093174431,0,0.005417118093174431
327 329,0.005417118093174431,0,0.005417118093174431
332 332,0.005417118093174431,0,0.005417118093174431
346 179,0.005417118093174431,0,0.005417118093174431
353 125,0.005417118093174431,0,0.005417118093174431
54 359,0.005417118093174431,0,0.005417118093174431
296 292,0.0032502708559046588,0.008631319358816275,0.005381048502911616
175 322,0.011917659804983749,0.01726263871763255,0.005344978912648802
199 334,0.13109425785482123,0.12577065351418001,0.005323604340641219
54 220,0.30985915492957744,0.30456226880394577,0.005296886125631672
197 175,0.0065005417118093175,0.0012330456226880395,0.005267496089121278
199 224,0.0065005417118093175,0.0012330456226880395,0.005267496089121278
221 334,0.0065005417118093175,0.0012330456226880395,0.005267496089121278
281 290,0.0065005417118093175,0.0012330456226880395,0.005267496089121278
281 54,0.0065005417118093175,0.0012330456226880395,0.005267496089121278
292 281,0.0065005417118093175,0.0012330456226880395,0.005267496089121278
322 290,0.0065005417118093175,0.0012330456226880395,0.005267496089121278
334 175,0.0065005417118093175,0.0012330456226880395,0.005267496089121278
292 336,0.0021668472372697724,0.007398273736128237,0.005231426498858464
295 221,0.0021668472372697724,0.007398273736128237,0.005231426498858464
353 172,0.010834236186348862,0.016029593094944512,0.00519535690859565
240 295,0.028169014084507043,0.03329223181257707,0.005123217728070024
199 192,0.007583965330444204,0.002466091245376079,0.005117874085068125
328 328,0.007583965330444204,0.002466091245376079,0.005117874085068125
333 54,0.0010834236186348862,0.006165228113440197,0.005081804494805311
146 158,0.00866738894907909,0.0036991368680641184,0.004968252081014971
19 19,0.00866738894907909,0.0036991368680641184,0.004968252081014971
197 333,0.00866738894907909,0.0036991368680641184,0.004968252081014971
220 295,0.00866738894907909,0.0036991368680641184,0.004968252081014971
295 125,0.00866738894907909,0.0036991368680641184,0.004968252081014971
78 327,0.00866738894907909,0.0036991368680641184,0.004968252081014971
146 140,0,0.004932182490752158,0.004932182490752158
263 251,0,0.004932182490752158,0.004932182490752158
353 327,0,0.004932182490752158,0.004932182490752158
199 346,1.0,0.9950678175092479,0.004932182490752113
296 240,0.07150595882990249,0.06658446362515413,0.004921495204748355
266 240,0.00866738894907909,0.013563501849568433,0.004896112900489344
322 181,0.018418201516793065,0.013563501849568433,0.004854699667224632
221 220,0.009750812567713976,0.004932182490752158,0.004818630076961818
334 54,0.11484290357529794,0.11960542540073983,0.004762521825441887
327 180,0.04333694474539545,0.04808877928483354,0.004751834539438088
251 322,0.007583965330444204,0.012330456226880395,0.004746490896436191
20 192,0.016251354279523293,0.02096177558569667,0.004710421306173378
197 180,0.0552546045503792,0.05055487053020962,0.004699734020169578
295 180,0.010834236186348862,0.006165228113440197,0.004669008072908665
54 346,0.9794149512459371,0.9839704069050554,0.0045554556591183015
54 384,0.011917659804983749,0.007398273736128237,0.004519386068855512
119 119,0.004333694474539545,0,0.004333694474539545
120 384,0.004333694474539545,0,0.004333694474539545
15 158,0.004333694474539545,0,0.004333694474539545
15 20,0.004333694474539545,0,0.004333694474539545
15 78,0.004333694474539545,0,0.004333694474539545
158 20,0.004333694474539545,0,0.004333694474539545
173 192,0.004333694474539545,0,0.004333694474539545
173 334,0.004333694474539545,0,0.004333694474539545
192 191,0.004333694474539545,0,0.004333694474539545
197 202,0.004333694474539545,0,0.004333694474539545
197 78,0.004333694474539545,0,0.004333694474539545
199 78,0.004333694474539545,0,0.004333694474539545
20 15,0.004333694474539545,0,0.004333694474539545
201 240,0.004333694474539545,0,0.004333694474539545
202 125,0.004333694474539545,0,0.004333694474539545
238 238,0.004333694474539545,0,0.004333694474539545
240 238,0.004333694474539545,0,0.004333694474539545
290 78,0.004333694474539545,0,0.004333694474539545
295 220,0.004333694474539545,0,0.004333694474539545
295 281,0.004333694474539545,0,0.004333694474539545
322 183,0.004333694474539545,0,0.004333694474539545
322 332,0.004333694474539545,0,0.004333694474539545
327 140,0.004333694474539545,0,0.004333694474539545
328 20,0.004333694474539545,0,0.004333694474539545
329 328,0.004333694474539545,0,0.004333694474539545
345 78,0.004333694474539545,0,0.004333694474539545
346 202,0.004333694474539545,0,0.004333694474539545
346 221,0.004333694474539545,0,0.004333694474539545
346 96,0.004333694474539545,0,0.004333694474539545
353 175,0.004333694474539545,0,0.004333694474539545
78 175,0.004333694474539545,0,0.004333694474539545
97 240,0.004333694474539545,0,0.004333694474539545
240 140,0.004333694474539545,0.008631319358816275,0.004297624884276731
328 322,0.021668472372697724,0.025893958076448828,0.004225485703751104
172 281,0.005417118093174431,0.0012330456226880395,0.004184072470486392
292 345,0.005417118093174431,0.0012330456226880395,0.004184072470486392
334 78,0.005417118093174431,0.0012330456226880395,0.004184072470486392
281 221,0.0032502708559046588,0.007398273736128237,0.004148002880223578
283 221,0.0032502708559046588,0.007398273736128237,0.004148002880223578
283 281,0.0032502708559046588,0.007398273736128237,0.004148002880223578
283 296,0.0032502708559046588,0.007398273736128237,0.004148002880223578
292 283,0.0032502708559046588,0.007398273736128237,0.004148002880223578
294 283,0.0032502708559046588,0.007398273736128237,0.004148002880223578
328 180,0.0032502708559046588,0.007398273736128237,0.004148002880223578
220 292,0.13976164680390032,0.13563501849568435,0.004126628308215974
292 346,0.9349945828819068,0.9309494451294698,0.004045137752437089
353 384,0.0065005417118093175,0.002466091245376079,0.004034450466433239
78 322,0.0065005417118093175,0.002466091245376079,0.004034450466433239
220 251,0.04225352112676056,0.03822441430332922,0.0040291068234313415
221 286,0.0021668472372697724,0.006165228113440197,0.0039983808761704254
336 295,0.0021668472372697724,0.006165228113440197,0.0039983808761704254
353 220,0.01950162513542795,0.02342786683107275,0.003926241695644799
148 197,0.016251354279523293,0.012330456226880395,0.003920898052642898
181 194,0.016251354279523293,0.012330456226880395,0.003920898052642898
194 148,0.016251354279523293,0.012330456226880395,0.003920898052642898
221 148,0.016251354279523293,0.012330456226880395,0.003920898052642898
140 140,0.028169014084507043,0.032059186189889025,0.0038901721053819817
221 290,0.007583965330444204,0.0036991368680641184,0.0038848284623800855
290 251,0.007583965330444204,0.0036991368680641184,0.0038848284623800855
240 333,0.0010834236186348862,0.004932182490752158,0.0038487588721172715
240 224,0.01733477789815818,0.013563501849568433,0.0037712760485897456
140 334,0,0.0036991368680641184,0.0036991368680641184
172 174,0,0.0036991368680641184,0.0036991368680641184
174 195,0,0.0036991368680641184,0.0036991368680641184
175 120,0,0.0036991368680641184,0.0036991368680641184
19 172,0,0.0036991368680641184,0.0036991368680641184
195 322,0,0.0036991368680641184,0.0036991368680641184
20 334,0,0.0036991368680641184,0.0036991368680641184
263 91,0,0.0036991368680641184,0.0036991368680641184
333 180,0,0.0036991368680641184,0.0036991368680641184
125 224,0.00866738894907909,0.012330456226880395,0.0036630672778013053
197 334,0.00866738894907909,0.012330456226880395,0.0036630672778013053
197 94,0.01950162513542795,0.016029593094944512,0.0034720320404834394
94 201,0.01950162513542795,0.016029593094944512,0.0034720320404834394
120 158,0.010834236186348862,0.007398273736128237,0.0034359624502206254
224 224,0.010834236186348862,0.007398273736128237,0.0034359624502206254
91 334,0.059588299024918745,0.06288532675709001,0.003297027732171262
118 140,0.0032502708559046588,0,0.0032502708559046588
118 240,0.0032502708559046588,0,0.0032502708559046588
118 322,0.0032502708559046588,0,0.0032502708559046588
118 328,0.0032502708559046588,0,0.0032502708559046588
140 118,0.0032502708559046588,0,0.0032502708559046588
143 143,0.0032502708559046588,0,0.0032502708559046588
146 359,0.0032502708559046588,0,0.0032502708559046588
15 54,0.0032502708559046588,0,0.0032502708559046588
158 162,0.0032502708559046588,0,0.0032502708559046588
158 192,0.0032502708559046588,0,0.0032502708559046588
173 172,0.0032502708559046588,0,0.0032502708559046588
173 180,0.0032502708559046588,0,0.0032502708559046588
191 20,0.0032502708559046588,0,0.0032502708559046588
194 192,0.0032502708559046588,0,0.0032502708559046588
197 194,0.0032502708559046588,0,0.0032502708559046588
20 122,0.0032502708559046588,0,0.0032502708559046588
20 332,0.0032502708559046588,0,0.0032502708559046588
202 172,0.0032502708559046588,0,0.0032502708559046588
220 202,0.0032502708559046588,0,0.0032502708559046588
221 384,0.0032502708559046588,0,0.0032502708559046588
224 20,0.0032502708559046588,0,0.0032502708559046588
266 334,0.0032502708559046588,0,0.0032502708559046588
290 202,0.0032502708559046588,0,0.0032502708559046588
295 192,0.0032502708559046588,0,0.0032502708559046588
322 118,0.0032502708559046588,0,0.0032502708559046588
322 125,0.0032502708559046588,0,0.0032502708559046588
322 158,0.0032502708559046588,0,0.0032502708559046588
323 172,0.0032502708559046588,0,0.0032502708559046588
323 240,0.0032502708559046588,0,0.0032502708559046588
327 201,0.0032502708559046588,0,0.0032502708559046588
328 175,0.0032502708559046588,0,0.0032502708559046588
334 281,0.0032502708559046588,0,0.0032502708559046588
78 172,0.0032502708559046588,0,0.0032502708559046588
78 332,0.0032502708559046588,0,0.0032502708559046588
329 240,0.004333694474539545,0.0012330456226880395,0.0031006488518515053
333 240,0.004333694474539545,0.0012330456226880395,0.0031006488518515053
333 295,0.004333694474539545,0.0012330456226880395,0.0031006488518515053
334 328,0.004333694474539545,0.0012330456226880395,0.0031006488518515053
334 384,0.004333694474539545,0.0012330456226880395,0.0031006488518515053
146 224,0.005417118093174431,0.002466091245376079,0.002951026847798352
197 281,0.0032502708559046588,0.006165228113440197,0.0029149572575355386
334 192,0.0032502708559046588,0.006165228113440197,0.0029149572575355386
173 175,0.0065005417118093175,0.0036991368680641184,0.002801404843745199
292 384,0.0065005417118093175,0.0036991368680641184,0.002801404843745199
322 224,0.0065005417118093175,0.0036991368680641184,0.002801404843745199
322 78,0.0065005417118093175,0.0036991368680641184,0.002801404843745199
334 220,0.0065005417118093175,0.0036991368680641184,0.002801404843745199
91 140,0.0065005417118093175,0.0036991368680641184,0.002801404843745199
286 240,0.0021668472372697724,0.004932182490752158,0.0027653352534823855
290 334,0.0021668472372697724,0.004932182490752158,0.0027653352534823855
91 181,0.0021668472372697724,0.004932182490752158,0.0027653352534823855
54 281,0.007583965330444204,0.004932182490752158,0.002651782839692046
175 224,0.0010834236186348862,0.0036991368680641184,0.002615713249429232
221 292,0.0010834236186348862,0.0036991368680641184,0.002615713249429232
224 54,0.0010834236186348862,0.0036991368680641184,0.002615713249429232
290 336,0.0010834236186348862,0.0036991368680641184,0.002615713249429232
180 240,0.02600216684723727,0.02342786683107275,0.0025743000161645192
295 322,0.02600216684723727,0.02342786683107275,0.0025743000161645192
158 292,0.01733477789815818,0.014796547472256474,0.0025382304259017052
180 181,0.01733477789815818,0.014796547472256474,0.0025382304259017052
120 114,0,0.002466091245376079,0.002466091245376079
114 148,0,0.002466091245376079,0.002466091245376079
120 78,0,0.002466091245376079,0.002466091245376079
140 199,0,0.002466091245376079,0.002466091245376079
143 327,0,0.002466091245376079,0.002466091245376079
148 148,0,0.002466091245376079,0.002466091245376079
148 327,0,0.002466091245376079,0.002466091245376079
173 336,0,0.002466091245376079,0.002466091245376079
180 19,0,0.002466091245376079,0.002466091245376079
19 180,0,0.002466091245376079,0.002466091245376079
19 41,0,0.002466091245376079,0.002466091245376079
199 201,0,0.002466091245376079,0.002466091245376079
200 202,0,0.002466091245376079,0.002466091245376079
201 200,0,0.002466091245376079,0.002466091245376079
202 205,0,0.002466091245376079,0.002466091245376079
202 91,0,0.002466091245376079,0.002466091245376079
205 205,0,0.002466091245376079,0.002466091245376079
205 281,0,0.002466091245376079,0.002466091245376079
220 118,0,0.002466091245376079,0.002466091245376079
220 140,0,0.002466091245376079,0.002466091245376079
283 199,0,0.002466091245376079,0.002466091245376079
322 94,0,0.002466091245376079,0.002466091245376079
327 120,0,0.002466091245376079,0.002466091245376079
327 290,0,0.002466091245376079,0.002466091245376079
328 143,0,0.002466091245376079,0.002466091245376079
333 328,0,0.002466091245376079,0.002466091245376079
384 180,0,0.002466091245376079,0.002466091245376079
94 327,0,0.002466091245376079,0.002466091245376079
94 328,0,0.002466091245376079,0.002466091245376079
328 334,0.044420368364030335,0.0468557336621455,0.0024353652981151663
281 283,0.00866738894907909,0.011097410604192354,0.002430021655113265
199 172,0.01733477789815818,0.01972872996300863,0.0023939520648504527
263 220,0.01733477789815818,0.01972872996300863,0.0023939520648504527
220 175,0.016251354279523293,0.018495684340320593,0.0022443300607973005
119 173,0.0021668472372697724,0,0.0021668472372697724
119 199,0.0021668472372697724,0,0.0021668472372697724
119 54,0.0021668472372697724,0,0.0021668472372697724
125 281,0.0021668472372697724,0,0.0021668472372697724
125 288,0.0021668472372697724,0,0.0021668472372697724
125 345,0.0021668472372697724,0,0.0021668472372697724
140 172,0.0021668472372697724,0,0.0021668472372697724
140 328,0.0021668472372697724,0,0.0021668472372697724
140 78,0.0021668472372697724,0,0.0021668472372697724
143 180,0.0021668472372697724,0,0.0021668472372697724
143 240,0.0021668472372697724,0,0.0021668472372697724
158 220,0.0021668472372697724,0,0.0021668472372697724
158 345,0.0021668472372697724,0,0.0021668472372697724
163 197,0.0021668472372697724,0,0.0021668472372697724
172 221,0.0021668472372697724,0,0.0021668472372697724
172 323,0.0021668472372697724,0,0.0021668472372697724
173 263,0.0021668472372697724,0,0.0021668472372697724
174 174,0.0021668472372697724,0,0.0021668472372697724
174 175,0.0021668472372697724,0,0.0021668472372697724
174 240,0.0021668472372697724,0,0.0021668472372697724
175 155,0.0021668472372697724,0,0.0021668472372697724
175 174,0.0021668472372697724,0,0.0021668472372697724
183 224,0.0021668472372697724,0,0.0021668472372697724
183 332,0.0021668472372697724,0,0.0021668472372697724
19 240,0.0021668472372697724,0,0.0021668472372697724
190 125,0.0021668472372697724,0,0.0021668472372697724
190 322,0.0021668472372697724,0,0.0021668472372697724
192 384,0.0021668472372697724,0,0.0021668472372697724
197 118,0.0021668472372697724,0,0.0021668472372697724
197 179,0.0021668472372697724,0,0.0021668472372697724
20 180,0.0021668472372697724,0,0.0021668472372697724
20 224,0.0021668472372697724,0,0.0021668472372697724
201 140,0.0021668472372697724,0,0.0021668472372697724
201 327,0.0021668472372697724,0,0.0021668472372697724
201 78,0.0021668472372697724,0,0.0021668472372697724
202 180,0.0021668472372697724,0,0.0021668472372697724
202 220,0.0021668472372697724,0,0.0021668472372697724
202 334,0.0021668472372697724,0,0.0021668472372697724
202 345,0.0021668472372697724,0,0.0021668472372697724
220 197,0.0021668472372697724,0,0.0021668472372697724
220 224,0.0021668472372697724,0,0.0021668472372697724
220 41,0.0021668472372697724,0,0.0021668472372697724
224 263,0.0021668472372697724,0,0.0021668472372697724
224 327,0.0021668472372697724,0,0.0021668472372697724
240 15,0.0021668472372697724,0,0.0021668472372697724
240 174,0.0021668472372697724,0,0.0021668472372697724
240 201,0.0021668472372697724,0,0.0021668472372697724
267 20,0.0021668472372697724,0,0.0021668472372697724
281 281,0.0021668472372697724,0,0.0021668472372697724
282 286,0.0021668472372697724,0,0.0021668472372697724
283 192,0.0021668472372697724,0,0.0021668472372697724
286 359,0.0021668472372697724,0,0.0021668472372697724
290 191,0.0021668472372697724,0,0.0021668472372697724
292 191,0.0021668472372697724,0,0.0021668472372697724
292 286,0.0021668472372697724,0,0.0021668472372697724
294 282,0.0021668472372697724,0,0.0021668472372697724
294 294,0.0021668472372697724,0,0.0021668472372697724
294 359,0.0021668472372697724,0,0.0021668472372697724
295 20,0.0021668472372697724,0,0.0021668472372697724
322 97,0.0021668472372697724,0,0.0021668472372697724
323 125,0.0021668472372697724,0,0.0021668472372697724
323 180,0.0021668472372697724,0,0.0021668472372697724
327 143,0.0021668472372697724,0,0.0021668472372697724
328 220,0.0021668472372697724,0,0.0021668472372697724
328 384,0.0021668472372697724,0,0.0021668472372697724
329 199,0.0021668472372697724,0,0.0021668472372697724
332 183,0.0021668472372697724,0,0.0021668472372697724
332 217,0.0021668472372697724,0,0.0021668472372697724
334 197,0.0021668472372697724,0,0.0021668472372697724
334 336,0.0021668472372697724,0,0.0021668472372697724
336 334,0.0021668472372697724,0,0.0021668472372697724
345 199,0.0021668472372697724,0,0.0021668472372697724
346 183,0.0021668472372697724,0,0.0021668472372697724
353 180,0.0021668472372697724,0,0.0021668472372697724
353 251,0.0021668472372697724,0,0.0021668472372697724
353 78,0.0021668472372697724,0,0.0021668472372697724
384 191,0.0021668472372697724,0,0.0021668472372697724
384 20,0.0021668472372697724,0,0.0021668472372697724
41 125,0.0021668472372697724,0,0.0021668472372697724
78 197,0.0021668472372697724,0,0.0021668472372697724
78 221,0.0021668472372697724,0,0.0021668472372697724
91 143,0.0021668472372697724,0,0.0021668472372697724
91 345,0.0021668472372697724,0,0.0021668472372697724
91 353,0.0021668472372697724,0,0.0021668472372697724
91 356,0.0021668472372697724,0,0.0021668472372697724
158 384,0.0032502708559046588,0.0012330456226880395,0.0020172252332166193
173 322,0.0032502708559046588,0.0012330456226880395,0.0020172252332166193
217 263,0.0032502708559046588,0.0012330456226880395,0.0020172252332166193
217 334,0.0032502708559046588,0.0012330456226880395,0.0020172252332166193
220 327,0.0032502708559046588,0.0012330456226880395,0.0020172252332166193
240 328,0.0032502708559046588,0.0012330456226880395,0.0020172252332166193
240 359,0.0032502708559046588,0.0012330456226880395,0.0020172252332166193
286 294,0.0032502708559046588,0.0012330456226880395,0.0020172252332166193
359 221,0.0032502708559046588,0.0012330456226880395,0.0020172252332166193
91 384,0.0032502708559046588,0.0012330456226880395,0.0020172252332166193
281 294,0.005417118093174431,0.007398273736128237,0.0019811556429538057
175 376,0.014084507042253521,0.016029593094944512,0.0019450860526909908
295 295,0.014084507042253521,0.016029593094944512,0.0019450860526909908
376 173,0.014084507042253521,0.016029593094944512,0.0019450860526909908
376 376,0.014084507042253521,0.016029593094944512,0.0019450860526909908
158 327,0.021668472372697724,0.01972872996300863,0.001939742409689093
224 199,0.004333694474539545,0.002466091245376079,0.0018676032291634658
240 336,0.004333694474539545,0.002466091245376079,0.0018676032291634658
263 192,0.004333694474539545,0.002466091245376079,0.0018676032291634658
296 172,0.004333694474539545,0.002466091245376079,0.0018676032291634658
327 78,0.004333694474539545,0.002466091245376079,0.0018676032291634658
353 322,0.004333694474539545,0.002466091245376079,0.0018676032291634658
358 295,0.004333694474539545,0.002466091245376079,0.0018676032291634658
158 346,0.004333694474539545,0.006165228113440197,0.0018315336389006526
240 281,0.004333694474539545,0.006165228113440197,0.0018315336389006526
328 125,0.004333694474539545,0.006165228113440197,0.0018315336389006526
336 292,0.004333694474539545,0.006165228113440197,0.0018315336389006526
158 290,0.005417118093174431,0.0036991368680641184,0.0017179812251103127
20 322,0.005417118093174431,0.0036991368680641184,0.0017179812251103127
220 334,0.005417118093174431,0.0036991368680641184,0.0017179812251103127
251 220,0.005417118093174431,0.0036991368680641184,0.0017179812251103127
332 192,0.005417118093174431,0.0036991368680641184,0.0017179812251103127
172 199,0.35102925243770317,0.3526510480887793,0.001621795651076119
353 263,0.015167930660888408,0.013563501849568433,0.0016044288113199745
140 224,0.0021668472372697724,0.0036991368680641184,0.001532289630794346
158 172,0.0021668472372697724,0.0036991368680641184,0.001532289630794346
221 281,0.0021668472372697724,0.0036991368680641184,0.001532289630794346
224 172,0.0021668472372697724,0.0036991368680641184,0.001532289630794346
294 290,0.0021668472372697724,0.0036991368680641184,0.001532289630794346
328 290,0.0021668472372697724,0.0036991368680641184,0.001532289630794346
140 19,0.0010834236186348862,0.002466091245376079,0.0013826676267411928
175 173,0.0010834236186348862,0.002466091245376079,0.0013826676267411928
180 175,0.0010834236186348862,0.002466091245376079,0.0013826676267411928
19 295,0.0010834236186348862,0.002466091245376079,0.0013826676267411928
197 19,0.0010834236186348862,0.002466091245376079,0.0013826676267411928
41 175,0.0010834236186348862,0.002466091245376079,0.0013826676267411928
240 173,0.009750812567713976,0.011097410604192354,0.0013465980364783785
192 78,0.00866738894907909,0.007398273736128237,0.0012691152129508526
221 125,0.00866738894907909,0.007398273736128237,0.0012691152129508526
120 336,0,0.0012330456226880395,0.0012330456226880395
125 328,0,0.0012330456226880395,0.0012330456226880395
146 281,0,0.0012330456226880395,0.0012330456226880395
174 125,0,0.0012330456226880395,0.0012330456226880395
175 251,0,0.0012330456226880395,0.0012330456226880395
175 327,0,0.0012330456226880395,0.0012330456226880395
180 334,0,0.0012330456226880395,0.0012330456226880395
187 187,0,0.0012330456226880395,0.0012330456226880395
187 295,0,0.0012330456226880395,0.0012330456226880395
191 125,0,0.0012330456226880395,0.0012330456226880395
197 187,0,0.0012330456226880395,0.0012330456226880395
251 327,0,0.0012330456226880395,0.0012330456226880395
263 41,0,0.0012330456226880395,0.0012330456226880395
290 158,0,0.0012330456226880395,0.0012330456226880395
290 224,0,0.0012330456226880395,0.0012330456226880395
296 263,0,0.0012330456226880395,0.0012330456226880395
327 384,0,0.0012330456226880395,0.0012330456226880395
328 192,0,0.0012330456226880395,0.0012330456226880395
333 125,0,0.0012330456226880395,0.0012330456226880395
334 224,0,0.0012330456226880395,0.0012330456226880395
345 292,0,0.0012330456226880395,0.0012330456226880395
353 334,0,0.0012330456226880395,0.0012330456226880395
353 91,0,0.0012330456226880395,0.0012330456226880395
41 220,0,0.0012330456226880395,0.0012330456226880395
54 328,0,0.0012330456226880395,0.0012330456226880395
91 248,0,0.0012330456226880395,0.0012330456226880395
78 263,0.00866738894907909,0.009864364981504316,0.0011969760324252263
217 327,0.01733477789815818,0.018495684340320593,0.001160906442162414
125 180,0.5438786565547129,0.5450061652281134,0.0011275086734005013
333 199,0.009750812567713976,0.008631319358816275,0.0011194932088977004
118 163,0.0010834236186348862,0,0.0010834236186348862
118 181,0.0010834236186348862,0,0.0010834236186348862
118 192,0.0010834236186348862,0,0.0010834236186348862
118 197,0.0010834236186348862,0,0.0010834236186348862
118 91,0.0010834236186348862,0,0.0010834236186348862
119 125,0.0010834236186348862,0,0.0010834236186348862
119 172,0.0010834236186348862,0,0.0010834236186348862
12 345,0.0010834236186348862,0,0.0010834236186348862
120 155,0.0010834236186348862,0,0.0010834236186348862
120 220,0.0010834236186348862,0,0.0010834236186348862
120 317,0.0010834236186348862,0,0.0010834236186348862
122 240,0.0010834236186348862,0,0.0010834236186348862
122 78,0.0010834236186348862,0,0.0010834236186348862
125 143,0.0010834236186348862,0,0.0010834236186348862
125 179,0.0010834236186348862,0,0.0010834236186348862
125 181,0.0010834236186348862,0,0.0010834236186348862
125 336,0.0010834236186348862,0,0.0010834236186348862
140 345,0.0010834236186348862,0,0.0010834236186348862
143 118,0.0010834236186348862,0,0.0010834236186348862
143 172,0.0010834236186348862,0,0.0010834236186348862
143 19,0.0010834236186348862,0,0.0010834236186348862
143 192,0.0010834236186348862,0,0.0010834236186348862
143 194,0.0010834236186348862,0,0.0010834236186348862
143 251,0.0010834236186348862,0,0.0010834236186348862
143 322,0.0010834236186348862,0,0.0010834236186348862
143 78,0.0010834236186348862,0,0.0010834236186348862
144 144,0.0010834236186348862,0,0.0010834236186348862
144 163,0.0010834236186348862,0,0.0010834236186348862
144 172,0.0010834236186348862,0,0.0010834236186348862
144 240,0.0010834236186348862,0,0.0010834236186348862
146 202,0.0010834236186348862,0,0.0010834236186348862
146 295,0.0010834236186348862,0,0.0010834236186348862
146 360,0.0010834236186348862,0,0.0010834236186348862
15 199,0.0010834236186348862,0,0.0010834236186348862
15 263,0.0010834236186348862,0,0.0010834236186348862
15 292,0.0010834236186348862,0,0.0010834236186348862
15 327,0.0010834236186348862,0,0.0010834236186348862
158 191,0.0010834236186348862,0,0.0010834236186348862
158 224,0.0010834236186348862,0,0.0010834236186348862
158 359,0.0010834236186348862,0,0.0010834236186348862
158 91,0.0010834236186348862,0,0.0010834236186348862
162 162,0.0010834236186348862,0,0.0010834236186348862
163 144,0.0010834236186348862,0,0.0010834236186348862
172 140,0.0010834236186348862,0,0.0010834236186348862
172 143,0.0010834236186348862,0,0.0010834236186348862
172 197,0.0010834236186348862,0,0.0010834236186348862
172 295,0.0010834236186348862,0,0.0010834236186348862
172 356,0.0010834236186348862,0,0.0010834236186348862
173 146,0.0010834236186348862,0,0.0010834236186348862
173 162,0.0010834236186348862,0,0.0010834236186348862
173 197,0.0010834236186348862,0,0.0010834236186348862
173 20,0.0010834236186348862,0,0.0010834236186348862
173 290,0.0010834236186348862,0,0.0010834236186348862
173 292,0.0010834236186348862,0,0.0010834236186348862
173 327,0.0010834236186348862,0,0.0010834236186348862
173 346,0.0010834236186348862,0,0.0010834236186348862
173 78,0.0010834236186348862,0,0.0010834236186348862
173 91,0.0010834236186348862,0,0.0010834236186348862
174 172,0.0010834236186348862,0,0.0010834236186348862
174 224,0.0010834236186348862,0,0.0010834236186348862
175 162,0.0010834236186348862,0,0.0010834236186348862
175 20,0.0010834236186348862,0,0.0010834236186348862
175 257,0.0010834236186348862,0,0.0010834236186348862
175 293,0.0010834236186348862,0,0.0010834236186348862
179 173,0.0010834236186348862,0,0.0010834236186348862
180 172,0.0010834236186348862,0,0.0010834236186348862
181 118,0.0010834236186348862,0,0.0010834236186348862
19 118,0.0010834236186348862,0,0.0010834236186348862
19 143,0.0010834236186348862,0,0.0010834236186348862
19 194,0.0010834236186348862,0,0.0010834236186348862
19 199,0.0010834236186348862,0,0.0010834236186348862
19 221,0.0010834236186348862,0,0.0010834236186348862
19 334,0.0010834236186348862,0,0.0010834236186348862
192 144,0.0010834236186348862,0,0.0010834236186348862
192 158,0.0010834236186348862,0,0.0010834236186348862
192 324,0.0010834236186348862,0,0.0010834236186348862
192 328,0.0010834236186348862,0,0.0010834236186348862
192 345,0.0010834236186348862,0,0.0010834236186348862
192 346,0.0010834236186348862,0,0.0010834236186348862
192 353,0.0010834236186348862,0,0.0010834236186348862
194 118,0.0010834236186348862,0,0.0010834236186348862
194 143,0.0010834236186348862,0,0.0010834236186348862
197 143,0.0010834236186348862,0,0.0010834236186348862
197 163,0.0010834236186348862,0,0.0010834236186348862
197 292,0.0010834236186348862,0,0.0010834236186348862
20 158,0.0010834236186348862,0,0.0010834236186348862
20 191,0.0010834236186348862,0,0.0010834236186348862
20 263,0.0010834236186348862,0,0.0010834236186348862
20 376,0.0010834236186348862,0,0.0010834236186348862
20 41,0.0010834236186348862,0,0.0010834236186348862
201 202,0.0010834236186348862,0,0.0010834236186348862
202 143,0.0010834236186348862,0,0.0010834236186348862
202 162,0.0010834236186348862,0,0.0010834236186348862
202 192,0.0010834236186348862,0,0.0010834236186348862
202 224,0.0010834236186348862,0,0.0010834236186348862
202 322,0.0010834236186348862,0,0.0010834236186348862
202 327,0.0010834236186348862,0,0.0010834236186348862
202 346,0.0010834236186348862,0,0.0010834236186348862
202 41,0.0010834236186348862,0,0.0010834236186348862
217 172,0.0010834236186348862,0,0.0010834236186348862
217 224,0.0010834236186348862,0,0.0010834236186348862
217 281,0.0010834236186348862,0,0.0010834236186348862
217 332,0.0010834236186348862,0,0.0010834236186348862
220 238,0.0010834236186348862,0,0.0010834236186348862
220 328,0.0010834236186348862,0,0.0010834236186348862
220 336,0.0010834236186348862,0,0.0010834236186348862
220 345,0.0010834236186348862,0,0.0010834236186348862
221 143,0.0010834236186348862,0,0.0010834236186348862
221 175,0.0010834236186348862,0,0.0010834236186348862
221 224,0.0010834236186348862,0,0.0010834236186348862
221 294,0.0010834236186348862,0,0.0010834236186348862
221 295,0.0010834236186348862,0,0.0010834236186348862
221 324,0.0010834236186348862,0,0.0010834236186348862
224 120,0.0010834236186348862,0,0.0010834236186348862
224 174,0.0010834236186348862,0,0.0010834236186348862
224 175,0.0010834236186348862,0,0.0010834236186348862
224 268,0.0010834236186348862,0,0.0010834236186348862
224 281,0.0010834236186348862,0,0.0010834236186348862
224 292,0.0010834236186348862,0,0.0010834236186348862
224 322,0.0010834236186348862,0,0.0010834236186348862
224 332,0.0010834236186348862,0,0.0010834236186348862
238 334,0.0010834236186348862,0,0.0010834236186348862
240 143,0.0010834236186348862,0,0.0010834236186348862
240 162,0.0010834236186348862,0,0.0010834236186348862
240 163,0.0010834236186348862,0,0.0010834236186348862
240 181,0.0010834236186348862,0,0.0010834236186348862
240 19,0.0010834236186348862,0,0.0010834236186348862
240 282,0.0010834236186348862,0,0.0010834236186348862
240 317,0.0010834236186348862,0,0.0010834236186348862
240 318,0.0010834236186348862,0,0.0010834236186348862
240 358,0.0010834236186348862,0,0.0010834236186348862
240 96,0.0010834236186348862,0,0.0010834236186348862
251 180,0.0010834236186348862,0,0.0010834236186348862
251 202,0.0010834236186348862,0,0.0010834236186348862
257 322,0.0010834236186348862,0,0.0010834236186348862
258 199,0.0010834236186348862,0,0.0010834236186348862
261 268,0.0010834236186348862,0,0.0010834236186348862
263 224,0.0010834236186348862,0,0.0010834236186348862
266 199,0.0010834236186348862,0,0.0010834236186348862
266 220,0.0010834236186348862,0,0.0010834236186348862
266 266,0.0010834236186348862,0,0.0010834236186348862
266 322,0.0010834236186348862,0,0.0010834236186348862
268 175,0.0010834236186348862,0,0.0010834236186348862
268 224,0.0010834236186348862,0,0.0010834236186348862
268 54,0.0010834236186348862,0,0.0010834236186348862
281 240,0.0010834236186348862,0,0.0010834236186348862
282 284,0.0010834236186348862,0,0.0010834236186348862
282 294,0.0010834236186348862,0,0.0010834236186348862
283 146,0.0010834236186348862,0,0.0010834236186348862
283 240,0.0010834236186348862,0,0.0010834236186348862
283 54,0.0010834236186348862,0,0.0010834236186348862
284 240,0.0010834236186348862,0,0.0010834236186348862
284 286,0.0010834236186348862,0,0.0010834236186348862
284 322,0.0010834236186348862,0,0.0010834236186348862
286 281,0.0010834236186348862,0,0.0010834236186348862
286 286,0.0010834236186348862,0,0.0010834236186348862
286 322,0.0010834236186348862,0,0.0010834236186348862
290 294,0.0010834236186348862,0,0.0010834236186348862
292 96,0.0010834236186348862,0,0.0010834236186348862
293 175,0.0010834236186348862,0,0.0010834236186348862
294 199,0.0010834236186348862,0,0.0010834236186348862
294 322,0.0010834236186348862,0,0.0010834236186348862
294 78,0.0010834236186348862,0,0.0010834236186348862
295 140,0.0010834236186348862,0,0.0010834236186348862
295 19,0.0010834236186348862,0,0.0010834236186348862
295 266,0.0010834236186348862,0,0.0010834236186348862
295 268,0.0010834236186348862,0,0.0010834236186348862
295 336,0.0010834236186348862,0,0.0010834236186348862
295 346,0.0010834236186348862,0,0.0010834236186348862
295 359,0.0010834236186348862,0,0.0010834236186348862
296 192,0.0010834236186348862,0,0.0010834236186348862
317 199,0.0010834236186348862,0,0.0010834236186348862
317 322,0.0010834236186348862,0,0.0010834236186348862
318 199,0.0010834236186348862,0,0.0010834236186348862
322 194,0.0010834236186348862,0,0.0010834236186348862
322 20,0.0010834236186348862,0,0.0010834236186348862
322 202,0.0010834236186348862,0,0.0010834236186348862
322 221,0.0010834236186348862,0,0.0010834236186348862
322 258,0.0010834236186348862,0,0.0010834236186348862
322 323,0.0010834236186348862,0,0.0010834236186348862
322 384,0.0010834236186348862,0,0.0010834236186348862
323 221,0.0010834236186348862,0,0.0010834236186348862
323 266,0.0010834236186348862,0,0.0010834236186348862
323 329,0.0010834236186348862,0,0.0010834236186348862
324 322,0.0010834236186348862,0,0.0010834236186348862
327 175,0.0010834236186348862,0,0.0010834236186348862
327 221,0.0010834236186348862,0,0.0010834236186348862
327 266,0.0010834236186348862,0,0.0010834236186348862
327 281,0.0010834236186348862,0,0.0010834236186348862
328 224,0.0010834236186348862,0,0.0010834236186348862
328 329,0.0010834236186348862,0,0.0010834236186348862
328 346,0.0010834236186348862,0,0.0010834236186348862
329 327,0.0010834236186348862,0,0.0010834236186348862
332 224,0.0010834236186348862,0,0.0010834236186348862
333 220,0.0010834236186348862,0,0.0010834236186348862
333 91,0.0010834236186348862,0,0.0010834236186348862
334 158,0.0010834236186348862,0,0.0010834236186348862
334 20,0.0010834236186348862,0,0.0010834236186348862
334 332,0.0010834236186348862,0,0.0010834236186348862
336 290,0.0010834236186348862,0,0.0010834236186348862
336 322,0.0010834236186348862,0,0.0010834236186348862
336 54,0.0010834236186348862,0,0.0010834236186348862
345 140,0.0010834236186348862,0,0.0010834236186348862
345 290,0.0010834236186348862,0,0.0010834236186348862
346 143,0.0010834236186348862,0,0.0010834236186348862
346 174,0.0010834236186348862,0,0.0010834236186348862
346 281,0.0010834236186348862,0,0.0010834236186348862
346 295,0.0010834236186348862,0,0.0010834236186348862
346 318,0.0010834236186348862,0,0.0010834236186348862
346 345,0.0010834236186348862,0,0.0010834236186348862
346 359,0.0010834236186348862,0,0.0010834236186348862
353 158,0.0010834236186348862,0,0.0010834236186348862
353 192,0.0010834236186348862,0,0.0010834236186348862
356 358,0.0010834236186348862,0,0.0010834236186348862
360 322,0.0010834236186348862,0,0.0010834236186348862
376 20,0.0010834236186348862,0,0.0010834236186348862
384 220,0.0010834236186348862,0,0.0010834236186348862
384 266,0.0010834236186348862,0,0.0010834236186348862
41 180,0.0010834236186348862,0,0.0010834236186348862
41 20,0.0010834236186348862,0,0.0010834236186348862
54 238,0.0010834236186348862,0,0.0010834236186348862
54 261,0.0010834236186348862,0,0.0010834236186348862
54 283,0.0010834236186348862,0,0.0010834236186348862
54 323,0.0010834236186348862,0,0.0010834236186348862
54 345,0.0010834236186348862,0,0.0010834236186348862
78 122,0.0010834236186348862,0,0.0010834236186348862
78 140,0.0010834236186348862,0,0.0010834236186348862
78 183,0.0010834236186348862,0,0.0010834236186348862
78 19,0.0010834236186348862,0,0.0010834236186348862
78 251,0.0010834236186348862,0,0.0010834236186348862
78 323,0.0010834236186348862,0,0.0010834236186348862
91 224,0.0010834236186348862,0,0.0010834236186348862
91 238,0.0010834236186348862,0,0.0010834236186348862
91 281,0.0010834236186348862,0,0.0010834236186348862
91 332,0.0010834236186348862,0,0.0010834236186348862
97 158,0.0010834236186348862,0,0.0010834236186348862
97 199,0.0010834236186348862,0,0.0010834236186348862
97 20,0.0010834236186348862,0,0.0010834236186348862
97 54,0.0010834236186348862,0,0.0010834236186348862
146 181,0.0021668472372697724,0.0012330456226880395,0.0009338016145817329
146 328,0.0021668472372697724,0.0012330456226880395,0.0009338016145817329
173 220,0.0021668472372697724,0.0012330456226880395,0.0009338016145817329
183 322,0.0021668472372697724,0.0012330456226880395,0.0009338016145817329
221 263,0.0021668472372697724,0.0012330456226880395,0.0009338016145817329
240 329,0.0021668472372697724,0.0012330456226880395,0.0009338016145817329
263 221,0.0021668472372697724,0.0012330456226880395,0.0009338016145817329
283 290,0.0021668472372697724,0.0012330456226880395,0.0009338016145817329
336 125,0.0021668472372697724,0.0012330456226880395,0.0009338016145817329
336 220,0.0021668472372697724,0.0012330456226880395,0.0009338016145817329
336 336,0.0021668472372697724,0.0012330456226880395,0.0009338016145817329
384 336,0.0021668472372697724,0.0012330456226880395,0.0009338016145817329
140 197,0.0065005417118093175,0.007398273736128237,0.0008977320243189193
221 140,0.0032502708559046588,0.002466091245376079,0.0007841796105285798
240 294,0.0032502708559046588,0.002466091245376079,0.0007841796105285798
288 293,0.0032502708559046588,0.002466091245376079,0.0007841796105285798
293 295,0.0032502708559046588,0.002466091245376079,0.0007841796105285798
322 143,0.0032502708559046588,0.002466091245376079,0.0007841796105285798
221 328,0.014084507042253521,0.014796547472256474,0.0007120404300029522
220 384,0.004333694474539545,0.0036991368680641184,0.0006345576064754263
263 175,0.004333694474539545,0.0036991368680641184,0.0006345576064754263
125 221,0.004333694474539545,0.004932182490752158,0.0005984880162126132
180 54,0.004333694474539545,0.004932182490752158,0.0005984880162126132
180 220,0.005417118093174431,0.004932182490752158,0.00048493560242227323
220 221,0.005417118093174431,0.004932182490752158,0.00048493560242227323
197 197,0.8158179848320694,0.8162762022194822,0.00045821738741280704
140 332,0.0032502708559046588,0.0036991368680641184,0.00044886601215945966
173 125,0.0032502708559046588,0.0036991368680641184,0.00044886601215945966
19 192,0.0032502708559046588,0.0036991368680641184,0.00044886601215945966
19 322,0.0032502708559046588,0.0036991368680641184,0.00044886601215945966
192 224,0.0032502708559046588,0.0036991368680641184,0.00044886601215945966
199 158,0.0032502708559046588,0.0036991368680641184,0.00044886601215945966
224 192,0.0032502708559046588,0.0036991368680641184,0.00044886601215945966
224 91,0.0032502708559046588,0.0036991368680641184,0.00044886601215945966
267 140,0.0032502708559046588,0.0036991368680641184,0.00044886601215945966
295 292,0.0032502708559046588,0.0036991368680641184,0.00044886601215945966
336 240,0.0032502708559046588,0.0036991368680641184,0.00044886601215945966
91 19,0.0032502708559046588,0.0036991368680641184,0.00044886601215945966
295 91,0.0065005417118093175,0.006165228113440197,0.00033531359836912016
143 197,0.0021668472372697724,0.002466091245376079,0.0002992440081063066
240 146,0.0021668472372697724,0.002466091245376079,0.0002992440081063066
251 346,0.0021668472372697724,0.002466091245376079,0.0002992440081063066
292 288,0.0021668472372697724,0.002466091245376079,0.0002992440081063066
295 358,0.0021668472372697724,0.002466091245376079,0.0002992440081063066
328 78,0.0021668472372697724,0.002466091245376079,0.0002992440081063066
346 224,0.0021668472372697724,0.002466091245376079,0.0002992440081063066
328 91,0.024918743228602384,0.02466091245376079,0.0002578307748415942
91 328,0.024918743228602384,0.02466091245376079,0.0002578307748415942
295 54,0.05200433369447454,0.051787916152897656,0.00021641754157688403
120 290,0.007583965330444204,0.007398273736128237,0.00018569159431596708
180 125,0.007583965330444204,0.007398273736128237,0.00018569159431596708
140 125,0.0010834236186348862,0.0012330456226880395,0.0001496220040531533
148 221,0.0010834236186348862,0.0012330456226880395,0.0001496220040531533
180 197,0.0010834236186348862,0.0012330456226880395,0.0001496220040531533
180 263,0.0010834236186348862,0.0012330456226880395,0.0001496220040531533
199 353,0.0010834236186348862,0.0012330456226880395,0.0001496220040531533
286 290,0.0010834236186348862,0.0012330456226880395,0.0001496220040531533
290 327,0.0010834236186348862,0.0012330456226880395,0.0001496220040531533
292 221,0.0010834236186348862,0.0012330456226880395,0.0001496220040531533
292 41,0.0010834236186348862,0.0012330456226880395,0.0001496220040531533
329 125,0.0010834236186348862,0.0012330456226880395,0.0001496220040531533
334 292,0.0010834236186348862,0.0012330456226880395,0.0001496220040531533
146 248,0.009750812567713976,0.009864364981504316,0.00011355241379033994
146 353,0.009750812567713976,0.009864364981504316,0.00011355241379033994
180 327,0.05417118093174431,0.05425400739827373,8.282646652942038e-05
